"extent","zone","EPL","RLE","type","get","realm","RLE_EPL"
56942.810860365,"Abyssal plains","PP","LC","SwI1","M3.3","marine","LC_PP"
3748.37724314446,"Abyssal plains","NP","LC","SwI2","M3.3","marine","LC_NP"
8379.64577534558,"Sandy shelves","NP","NT","Ags3","M1.7","marine","NT_NP"
1.63047062342191,"Boulder/cobble shores","MP","NT","SHa1","MT1.4","marine","NT_MP"
3990.51122860643,"Sandy shelves","NP","VU","Ags4","M1.7","marine","VU_NP"
116.445347944504,"Sandy shores","MP","LC","SHa3","MT1.3","marine","LC_MP"
25.1498200029029,"Sandy shores","MP","NT","SHa2","MT1.3","marine","NT_MP"
89.4899998908471,"Rocky shores","MP","VU","SHa4","MT1.1","marine","VU_MP"
8.29588149602399,"Rocky shores","PP","NT","SHa5","MT1.1","marine","NT_PP"
1853.57285690773,"Photic rocky reefs","MP","VU","Ags6","M1.6","marine","VU_MP"
17.6760227477687,"Photic rocky reefs","WP","LC","Ags5","M1.6","marine","LC_WP"
14.451768374427,"Sandy shores","MP","LC","SHa6","MT1.3","marine","LC_MP"
6.44674198801448,"Rocky shores","WP","VU","SHi1","MT1.1","marine","VU_WP"
12.3040435950156,"Kelp forests","PP","VU","Kf1","M1.2","marine","VU_PP"
1152.52390228667,"Canyons","MP","LC","SwI3","M3.2","marine","LC_MP"
3632.55998927126,"Mesophotic and sub-photic rocky shelves","MP","NT","Ags8","M1.5","marine","NT_MP"
51.8875901479681,"Mesophotic and sub-photic rocky shelves","PP","VU","Ags7","M1.5","marine","VU_PP"
188.084081621847,"Rocky shores","PP","NT","SHa7","MT1.1","marine","NT_PP"
1732.35397257669,"Muddy shelves","PP","CR","Ags9","M1.8","marine","CR_PP"
1278.0487674512,"Muddy shelves","PP","NT","Ags10","M1.8","marine","NT_PP"
5469.13037551092,"Plateaus","MP","LC","SwI4","M3.4","marine","LC_MP"
0.868005318487441,"Sandy shores","PP","EN","SHa8","MT1.3","marine","EN_PP"
98084.7628768811,"Pelagic ocean waters","NP","LC","Bc2","M2","marine","LC_NP"
4214.82119883301,"Mesophotic and sub-photic rocky shelves","WP","LC","Ags14","M1.5","marine","LC_WP"
8592.86430790231,"Plateaus","MP","LC","SwI5","M3.4","marine","LC_MP"
5232.98060109642,"Mesophotic and sub-photic rocky shelves","MP","LC","Ags15","M3.5","marine","LC_MP"
521.54655904102,"Sandy shelves","MP","VU","Ags16","M1.7","marine","VU_MP"
20233.0888154781,"Sandy shelves","PP","NT","Ags17","M1.7","marine","NT_PP"
7058.5123582321,"Sandy shelves","PP","NT","Ags18","M1.7","marine","NT_PP"
1.31753414924586,"Rocky shores","PP","EN","SHa9","MT1.1","marine","EN_PP"
8.35762098315369,"Rocky shores","PP","VU","SHa10","MT1.1","marine","VU_PP"
101.993641538527,"Canyons","MP","LC","Ags19","M3.2","marine","LC_MP"
9.07358637308985,"Rocky shores","PP","LC","SHa11","MT1.1","marine","LC_PP"
1.26502103971722,"Rocky shores","MP","NT","SHa12","MT1.1","marine","NT_MP"
5.21579499834488,"Photic rocky reefs","MP","CR","Ntl1","M1.6","marine","CR_MP"
31.8615057019809,"Mesophotic and sub-photic rocky shelves","WP","LC","Ags20","M1.5","marine","LC_WP"
468.735966369063,"Mesophotic and sub-photic rocky shelves","MP","NT","Ags21","M3.5","marine","NT_MP"
131.635631094592,"Mesophotic and sub-photic rocky shelves","PP","LC","Ntl2","M1.5","marine","LC_PP"
2164.06348441316,"Mesophotic and sub-photic rocky shelves","PP","CR","SoB11","M1.5","marine","CR_PP"
57854.9605379709,"Abyssal plains","PP","LC","SeA1","M3.3","marine","LC_PP"
73071.0038086917,"Abyssal plains","PP","LC","SeA2","M3.3","marine","LC_PP"
254.36523253387,"Bays","PP","CR","Cpe1",NA,"marine","CR_PP"
2.62294539023256,"Boulder/cobble shores","MP","VU","SHc1","MT1.4","marine","VU_MP"
28.8799923049157,"Rocky shores","MP","VU","SHc2","MT1.1","marine","VU_MP"
2.95176447335229,"Rocky shores","MP","EN","SHi2","MT1.1","marine","EN_MP"
9.7845713104048,"Kelp forests","PP","VU","Kf2","M1.2","marine","VU_PP"
2838.07730038375,"Canyons","NP","EN","SoB1","M3.2","marine","EN_NP"
33.7339338998445,"Rocky shores","PP","EN","SHc3","MT1.1","marine","EN_PP"
473.609909867424,"Photic rocky reefs","PP","VU","Cpe2","M1.6","marine","VU_PP"
3904.94948298784,"Mesophotic and sub-photic rocky shelves","PP","VU","Cpe3","M1.5","marine","VU_PP"
526.200650557555,"Sandy shelves","PP","NT","Cpe4","M1.7","marine","NT_PP"
1.48131661842756,"Rocky shores","NP","EN","SHc4","MT1.1","marine","EN_NP"
2394.81872120074,"Canyons","PP","EN","SoB2","M3.2","marine","EN_PP"
0.523550143900107,"Rocky shores","MP","LC","SHc5","MT1.1","marine","LC_MP"
2452.94266352652,"Mesophotic and sub-photic rocky shelves","MP","LC","Ags11","M1.5","marine","LC_MP"
505.477531383285,"Mesophotic and sub-photic rocky shelves","MP","VU","SoB3","M1.5","marine","VU_MP"
1620.27639447407,"Sandy shelves","WP","LC","SoB4","M1.7","marine","LC_WP"
9525.99325742229,"Pelagic ocean waters","NP","LC","Ba1","M2","marine","LC_NP"
605.364337503834,"Sandy shelves","WP","LC","Dlg1","M1.7","marine","LC_WP"
3.26935743049247,"Canyons","WP","LC","Dlg2","M3.2","marine","LC_WP"
28.7546276148732,"Rocky shores","WP","LC","SHd1","MT1.1","marine","LC_WP"
22.9897245766035,"Mesophotic and sub-photic rocky shelves","WP","LC","Dlg3","M1.5","marine","LC_WP"
172.701546121339,"Sandy shelves","WP","LC","Dlg4","M1.7","marine","LC_WP"
274.196272726062,"Sandy shelves","WP","LC","Dlg5","M1.7","marine","LC_WP"
189.793567647057,"Sandy shelves","WP","LC","Dlg6","M1.7","marine","LC_WP"
43.9627070201745,"Canyons","WP","LC","Dlg7","M3.2","marine","LC_WP"
0.26728955428873,"Rocky shores","WP","LC","SHd2","MT1.1","marine","LC_WP"
460.539430230572,"Photic rocky reefs","PP","EN","NtB1","M1.6","marine","EN_PP"
431.837393282035,"Mesophotic and sub-photic rocky shelves","MP","VU","NtB2","M1.5","marine","VU_MP"
1631.18822935712,"Bays","MP","EN","Ags1",NA,"marine","EN_MP"
25966.2287160908,"Mesophotic and sub-photic rocky shelves","PP","LC","Ags12","M1.5","marine","LC_PP"
1681.22938636127,"Bays","PP","EN","Ags22",NA,"marine","EN_PP"
30552.9555989413,"Pelagic ocean waters","PP","LC","Cb4","M2","marine","LC_PP"
143707.668995447,"Pelagic ocean waters","PP","LC","Bc1","M2","marine","LC_PP"
1761.23466780699,"Sandy shelves","PP","EN","NtB3","M1.7","marine","EN_PP"
534.671299105116,"Mesophotic and sub-photic rocky shelves","PP","EN","NtB5","M1.5","marine","EN_PP"
22.9909236769553,"Mesophotic and sub-photic rocky shelves","NP","EN","NtB4","M1.5","marine","EN_NP"
328.747992106968,"Muddy shelves","MP","CR","NtB6","M1.8","marine","CR_MP"
515.728316435026,"Muddy shelves","MP","VU","NtB7","M1.8","marine","VU_MP"
655.790229207946,"Mesophotic and sub-photic rocky shelves","PP","VU","NtB8","M1.5","marine","VU_PP"
145.873792380413,"Sandy shelves","PP","EN","NtB9","M1.7","marine","EN_PP"
49.0154065005113,"Photic rocky reefs","MP","EN","Ags23","M1.6","marine","EN_MP"
93.6947599098899,"Mesophotic and sub-photic rocky shelves","MP","EN","Ntl3","M1.5","marine","EN_MP"
642.858643446311,"Mesophotic and sub-photic rocky shelves","NP","NT","Ags24","M1.5","marine","NT_NP"
103.590412382089,"Deepwater biogenic beds","MP","EN","SwI7","M3.4","marine","EN_MP"
8.04203670348581,"Photic coral reefs","WP","VU","Dlg8","M1.3","marine","VU_WP"
12.4926190922383,"Photic coral reefs","WP","VU","Dlg9","M1.3","marine","VU_WP"
42.4888492854475,"Rocky shores","PP","EN","SHn1","MT1.1","marine","EN_PP"
7.36009090470201,"Kelp forests","PP","VU","Kf3","M1.2","marine","VU_PP"
20.0678412702008,"Mesophotic and sub-photic rocky shelves","WP","LC","Nmq1","M1.5","marine","LC_WP"
60.6566241566782,"Rocky shores","PP","EN","SHn2","MT1.1","marine","EN_PP"
11762.5068676088,"Muddy shelves","PP","LC","Nmq2","M1.8","marine","LC_PP"
12168.9416239687,"Muddy shelves","NP","LC","SoB7","M1.8","marine","LC_NP"
760.246322097607,"Sandy shelves","MP","LC","Nmq3","M1.7","marine","LC_MP"
2853.16084359544,"Sandy shelves","PP","LC","SHn5","M1.7","marine","LC_PP"
1.19589222629092,"Rocky shores","PP","EN","SHn3","MT1.1","marine","EN_PP"
3.14966155728105,"Rocky shores","PP","EN","SHn4","MT1.1","marine","EN_PP"
0.273372386433886,"Boulder/cobble shores","WP","VU","SHna1","MT1.4","marine","VU_WP"
1377.22208854261,"Sandy shelves","MP","LC","Ntl4","M1.7","marine","LC_MP"
32.8521649933219,"Sandy shores","WP","LC","SHnad2","MT1.3","marine","LC_WP"
0.705740773370085,"Sandy shores","NP","NT","SHnad1","MT1.3","marine","NT_NP"
52.1177098499427,"Sandy shores","WP","NT","SHnad3","MT1.3","marine","NT_WP"
9.43567918033413,"Sandy shores","WP","EN","SHnad4","MT1.3","marine","EN_WP"
31.4363868939502,"Rocky shores","WP","NT","SHna2","MT1.1","marine","NT_WP"
1308.25045777874,"Canyons","MP","LC","Ntl7","M3.2","marine","LC_MP"
69.4813529609774,"Rocky shores","MP","VU","SHna3","MT1.1","marine","VU_MP"
256.190865736934,"Canyons","WP","LC","Ntl9","M3.2","marine","LC_WP"
0.958760010181768,"Rocky shores","MP","NT","SHna4","MT1.1","marine","NT_MP"
511.019418656815,"Muddy shelves","NP","CR","Nmq5","M1.8","marine","CR_NP"
1925.36359377494,"Muddy shelves","NP","EN","Nmq6","M1.8","marine","EN_NP"
48.5420773199831,"Photic rocky reefs","MP","VU","Ntl13","M1.6","marine","VU_MP"
124.793408782948,"Muddy shelves","MP","VU","Ntl14","M1.8","marine","VU_MP"
129.382199805529,"Muddy shelves","MP","VU","Ntl15","M1.8","marine","VU_MP"
15.5395334303534,"Mesophotic and sub-photic rocky shelves","MP","EN","Ntl16","M1.5","marine","EN_MP"
5.96441864350722,"Photic coral reefs","WP","VU","Dlg10","M1.3","marine","VU_WP"
27747.3473158703,"Pelagic ocean waters","PP","VU","Ab3","M2","marine","VU_PP"
63591.6609561783,"Pelagic ocean waters","NP","LC","Bb2","M2","marine","LC_NP"
86412.8879522145,"Slopes","NP","LC","SeA3","M3.1","marine","LC_NP"
18140.1341054933,"Slopes","NP","LC","SeA4","M3.1","marine","LC_NP"
1576.25073288586,"Seamounts","WP","LC","SeA5","M3.4","marine","LC_WP"
887.913638748351,"Seamounts","WP","LC","SeA6","M3.4","marine","LC_WP"
15242.0935369506,"Slopes","PP","LC","SeA7","M3.1","marine","LC_PP"
51.4668402099681,"Sandy shores","MP","LC","SHsb2","MT1.3","marine","LC_MP"
26.1798968861555,"Sandy shores","WP","LC","SHsb1","MT1.3","marine","LC_WP"
32.3365615717474,"Sandy shores","PP","NT","SHsb3","MT1.3","marine","NT_PP"
5574.43236684411,"Muddy shelves","NP","LC","SoB6","M1.8","marine","LC_NP"
814.044755511982,"Muddy shelves","PP","EN","SoB8","M1.8","marine","EN_PP"
19508.7097186023,"Mesophotic and sub-photic rocky shelves","NP","LC","SoB9","M1.5","marine","LC_NP"
10.543340329831,"Sandy shores","PP","EN","SHsb4","M1.3","marine","EN_PP"
2380.68802149114,"Mesophotic and sub-photic rocky shelves","PP","VU","SoB10","M1.5","marine","VU_PP"
36057.0725766166,"Sandy shelves","PP","LC","SoB12","M1.7","marine","LC_PP"
7397.87066782645,"Sandy shelves","PP","VU","SoB13","M1.7","marine","VU_PP"
2181.79251150682,"Mesophotic and sub-photic rocky shelves","NP","LC","SoB5","M1.5","marine","LC_NP"
258.868157698594,"Photic rocky reefs","PP","EN","Ntl5","M1.6","marine","EN_PP"
989.630326080083,"Mesophotic and sub-photic rocky shelves","MP","EN","Ntl6","M1.5","marine","EN_MP"
669.562722421381,"Mesophotic and sub-photic rocky shelves","WP","NT","Ntl8","M1.5","marine","NT_WP"
197988.126366343,"Slopes","NP","LC","SwI10","M3.1","marine","LC_NP"
78270.7167705021,"Slopes","PP","LC","SwI11","M3.1","marine","LC_PP"
2072.41259062144,"Seamounts","WP","LC","SwI12","M3.4","marine","LC_WP"
1614.36086629061,"Seamounts","NP","LC","SwI13","M3.4","marine","LC_NP"
17527.1727092983,"Slopes","MP","LC","SwI14","M3.1","marine","LC_MP"
980.823124156415,"Bays","NP","EN","Cpe5",NA,"marine","EN_NP"
4.76019267807473,"Mesophotic and sub-photic rocky shelves","WP","LC","Dlg11","M1.5","marine","LC_WP"
119.956175910939,"Sandy shelves","WP","LC","NtB10","M1.7","marine","LC_WP"
646.798293525038,"Sandy shelves","MP","VU","NtB11","M1.7","marine","VU_MP"
14407.2212832057,"Pelagic ocean waters","WP","LC","Cb1","M2","marine","LC_WP"
59193.7305023398,"Pelagic ocean waters","NP","LC","Ca2","M2","marine","LC_NP"
71745.1448397762,"Pelagic ocean waters","NP","LC","Bb1","M2","marine","LC_NP"
58.705205304486,"Photic rocky reefs","PP","EN","Ntl17","M1.6","marine","EN_PP"
210710.39744288,"Abyssal plains","NP","LC","SwI9","M3.3","marine","LC_NP"
6831.86742960935,"Pelagic ocean waters","PP","VU","Cb3","M2","marine","VU_PP"
21217.0919114643,"Pelagic ocean waters","PP","LC","Cb2","M2","marine","LC_PP"
125467.44336544,"Pelagic ocean waters","PP","LC","Ba2","M2","marine","LC_PP"
169872.242678316,"Pelagic ocean waters","PP","LC","Ca1","M2","marine","LC_PP"
819.733594067297,"Bays","PP","EN","Ags2",NA,"marine","EN_PP"
2786.45386084413,"Mesophotic and sub-photic rocky shelves","NP","VU","Ags13","M1.5","marine","VU_NP"
253.034456812489,"Photic rocky reefs","MP","VU","Ntl10","M1.6","marine","VU_MP"
2385.88902667652,"Mesophotic and sub-photic rocky shelves","MP","LC","Ntl11","M1.5","marine","LC_MP"
1435.23586282032,"Mesophotic and sub-photic rocky shelves","MP","LC","Ntl12","M1.5","marine","LC_MP"
417.805734816642,"Canyons","NP","LC","SwI15","M3.2","marine","LC_NP"
789.363916237971,"Mesophotic and sub-photic rocky shelves","MP","VU","NtB12","M1.5","marine","VU_MP"
1348.69885270629,"Muddy shelves","MP","VU","NtB13","M1.8","marine","VU_MP"
531.750297505297,"Muddy shelves","MP","VU","NtB14","M1.8","marine","VU_MP"
